<?xml version="1.0" encoding="UTF-8"?>
<!DOCTYPE codetemplates PUBLIC "-//NetBeans//DTD Editor Code Templates settings 1.0//EN" "http://www.netbeans.org/dtds/EditorCodeTemplates-1_0.dtd">
<codetemplates>
    <codetemplate abbreviation="docready" xml:space="preserve">
        <code><![CDATA[<script type="text/javascript">
	jQuery(document).ready(function() {
		${cursor}
	});
</script>]]></code>
    </codetemplate>
    <codetemplate abbreviation="ph" xml:space="preserve">
        <code><![CDATA[<?php ${cursor}]]></code>
    </codetemplate>
</codetemplates>
