<?xml version="1.0" encoding="UTF-8"?>
<!DOCTYPE codetemplates PUBLIC "-//NetBeans//DTD Editor Code Templates settings 1.0//EN" "http://www.netbeans.org/dtds/EditorCodeTemplates-1_0.dtd">
<codetemplates>
    <codetemplate abbreviation="con" xml:space="preserve">
        <code><![CDATA[console.log(${cursor});]]></code>
    </codetemplate>
    <codetemplate abbreviation="docready" xml:space="preserve">
        <code><![CDATA[jQuery(document).ready(function() {
	${cursor}
});]]></code>
    </codetemplate>
    <codetemplate abbreviation="ajax" xml:space="preserve">
        <code><![CDATA[jQuery.ajax({
	type: 'post',
	url: '',
	data: {},
	success: function(data) {
		
	},
	complete: function() {

	},
	error: function(jqXHR, textStatus, errorThrown) {

	},
	dataType: 'json'
});]]></code>
    </codetemplate>
</codetemplates>
