<?xml version="1.0" encoding="UTF-8"?>
<!DOCTYPE codetemplates PUBLIC "-//NetBeans//DTD Editor Code Templates settings 1.0//EN" "http://www.netbeans.org/dtds/EditorCodeTemplates-1_0.dtd">
<codetemplates>
    <codetemplate abbreviation="$" xml:space="preserve">
        <code><![CDATA[$this->${cursor}]]></code>
    </codetemplate>
    <codetemplate abbreviation="ajax" xml:space="preserve">
        <code><![CDATA[jQuery.ajax({
	type: 'post',
	url: '',
	data: {},
	success: function(data) {
	
	},
	complete: function() {

	},
	error: function(jqXHR, textStatus, errorThrown) {

	},
	dataType: 'json'
});]]></code>
    </codetemplate>
    <codetemplate abbreviation="ph" xml:space="preserve">
        <code><![CDATA[?>]]></code>
    </codetemplate>
    <codetemplate abbreviation="phpe" xml:space="preserve">
        <code><![CDATA[<?php echo ${cursor}; ?>]]></code>
    </codetemplate>
</codetemplates>
